participant_id,date,duration,pt_word,participant_response,en_word,real,trial_score
003,2026-07-27 13:13:14,153,padrasto,1,stepfather,1,1
003,2026-07-27 13:13:14,153,lembrança,1,memory,1,1
003,2026-07-27 13:13:14,153,lareita,0,NA,0,0
003,2026-07-27 13:13:14,153,urtiga,0,nettle,1,0
003,2026-07-27 13:13:14,153,emerro,0,NA,0,0
003,2026-07-27 13:13:14,153,hedionda,0,NA,0,0
003,2026-07-27 13:13:14,153,inalação,1,inhalation,1,1
003,2026-07-27 13:13:14,153,jusante,1,downstream,1,1
003,2026-07-27 13:13:14,153,comunhão,1,fellowship,1,1
003,2026-07-27 13:13:14,153,curvere,0,NA,0,0
003,2026-07-27 13:13:14,153,piejo,0,NA,0,0
003,2026-07-27 13:13:14,153,careta,1,grimace,1,1
003,2026-07-27 13:13:14,153,inferior,1,inferior,1,1
003,2026-07-27 13:13:14,153,molecular,1,molecular,1,1
003,2026-07-27 13:13:14,153,centiga,0,NA,0,0
003,2026-07-27 13:13:14,153,propósito,1,purpose,1,1
003,2026-07-27 13:13:14,153,espólio,0,spoils,1,0
003,2026-07-27 13:13:14,153,sonila,0,NA,0,0
003,2026-07-27 13:13:14,153,vinhala,0,NA,0,0
003,2026-07-27 13:13:14,153,loucura,1,madness,1,1
003,2026-07-27 13:13:14,153,grato,1,grateful,1,1
003,2026-07-27 13:13:14,153,cadente,1,falling,1,1
003,2026-07-27 13:13:14,153,avesso,1,averse,1,1
003,2026-07-27 13:13:14,153,descarga,1,unloading,1,1
003,2026-07-27 13:13:14,153,durarma,0,NA,0,0
003,2026-07-27 13:13:14,153,retruque,1,replica,1,1
003,2026-07-27 13:13:14,153,cicatriz,1,scar,1,1
003,2026-07-27 13:13:14,153,golabo,0,NA,0,0
003,2026-07-27 13:13:14,153,evidência,1,evidence,1,1
003,2026-07-27 13:13:14,153,retórica,1,rhetoric,1,1
003,2026-07-27 13:13:14,153,remoto,1,remote,1,1
003,2026-07-27 13:13:14,153,âncorre,1,NA,0,-2
003,2026-07-27 13:13:14,153,farneiza,0,NA,0,0
003,2026-07-27 13:13:14,153,infinito,1,infinite,1,1
003,2026-07-27 13:13:14,153,clamode,0,NA,0,0
003,2026-07-27 13:13:14,153,pífaro,1,flute,1,1
003,2026-07-27 13:13:14,153,barrasa,0,NA,0,0
003,2026-07-27 13:13:14,153,leopardo,1,leopard,1,1
003,2026-07-27 13:13:14,153,tenro,1,tender,1,1
003,2026-07-27 13:13:14,153,ferata,0,NA,0,0
003,2026-07-27 13:13:14,153,fumbão,0,NA,0,0
003,2026-07-27 13:13:14,153,pálido,1,pale,1,1
003,2026-07-27 13:13:14,153,vagabundo,1,vagabond,1,1
003,2026-07-27 13:13:14,153,relatório,1,report,1,1
003,2026-07-27 13:13:14,153,parietal,0,parietal,1,0
003,2026-07-27 13:13:14,153,imargue,0,NA,0,0
003,2026-07-27 13:13:14,153,polegada,0,inch,1,0
003,2026-07-27 13:13:14,153,vingança,1,revenge,1,1
003,2026-07-27 13:13:14,153,cartino,0,NA,0,0
003,2026-07-27 13:13:14,153,comércio,1,commerce,1,1
003,2026-07-27 13:13:14,153,infantil,1,infant,1,1
003,2026-07-27 13:13:14,153,nulapa,0,NA,0,0
003,2026-07-27 13:13:14,153,rombura,0,NA,0,0
003,2026-07-27 13:13:14,153,camada,1,layer,1,1
003,2026-07-27 13:13:14,153,famude,0,NA,0,0
003,2026-07-27 13:13:14,153,solução,1,solution,1,1
003,2026-07-27 13:13:14,153,malandro,1,trickster,1,1
003,2026-07-27 13:13:14,153,nupcial,1,nuptial,1,1
003,2026-07-27 13:13:14,153,toarte,0,NA,0,0
003,2026-07-27 13:13:14,153,canário,1,canary,1,1
003,2026-07-27 13:13:14,153,invasão,1,invasion,1,1
003,2026-07-27 13:13:14,153,ecinto,0,NA,0,0
003,2026-07-27 13:13:14,153,lufase,0,NA,0,0
003,2026-07-27 13:13:14,153,paisano,1,patrician,1,1
003,2026-07-27 13:13:14,153,denário,0,denarius,1,0
003,2026-07-27 13:13:14,153,falcão,1,hawk,1,1
003,2026-07-27 13:13:14,153,maltono,0,NA,0,0
003,2026-07-27 13:13:14,153,pueril,1,puerile,1,1
003,2026-07-27 13:13:14,153,industo,0,NA,0,0
003,2026-07-27 13:13:14,153,máquina,1,machine,1,1
003,2026-07-27 13:13:14,153,paranoia,1,paranoid,1,1
003,2026-07-27 13:13:14,153,música,1,music,1,1
003,2026-07-27 13:13:14,153,exhausto,1,NA,NA,0
003,2026-07-27 13:13:14,153,rebelde,1,rebellious,1,1
003,2026-07-27 13:13:14,153,afessa,0,NA,0,0
003,2026-07-27 13:13:14,153,cólera,1,cholera,1,1
003,2026-07-27 13:13:14,153,abutre,0,vulture,1,0
003,2026-07-27 13:13:14,153,adaga,0,dagger,1,0
003,2026-07-27 13:13:14,153,veludo,1,velvet,1,1
003,2026-07-27 13:13:14,153,noção,1,notion,1,1
003,2026-07-27 13:13:14,153,efama,0,NA,0,0
003,2026-07-27 13:13:14,153,mochila,1,backpack,1,1
003,2026-07-27 13:13:14,153,fracora,0,NA,0,0
003,2026-07-27 13:13:14,153,encalce,1,pursuit,1,1
003,2026-07-27 13:13:14,153,marmita,1,packed lunch,1,1
003,2026-07-27 13:13:14,153,engenhoso,1,ingenious,1,1
003,2026-07-27 13:13:14,153,profecia,1,prophecy,1,1
003,2026-07-27 13:13:14,153,batesta,1,NA,0,-2
003,2026-07-27 13:13:14,153,medato,0,NA,0,0
003,2026-07-27 13:13:14,153,fatídica,1,ominous,1,1
002,2026-07-28 12:02:23,608,padrasto,0,stepfather,1,0
002,2026-07-28 12:02:23,608,lembrança,1,memory,1,1
002,2026-07-28 12:02:23,608,lareita,1,NA,0,-2
002,2026-07-28 12:02:23,608,urtiga,0,nettle,1,0
002,2026-07-28 12:02:23,608,emerro,1,NA,0,-2
002,2026-07-28 12:02:23,608,hedionda,1,NA,0,-2
002,2026-07-28 12:02:23,608,inalação,0,inhalation,1,0
002,2026-07-28 12:02:23,608,jusante,1,downstream,1,1
002,2026-07-28 12:02:23,608,comunhão,0,fellowship,1,0
002,2026-07-28 12:02:23,608,curvere,1,NA,0,-2
002,2026-07-28 12:02:23,608,piejo,0,NA,0,0
002,2026-07-28 12:02:23,608,careta,0,grimace,1,0
002,2026-07-28 12:02:23,608,inferior,1,inferior,1,1
002,2026-07-28 12:02:23,608,molecular,1,molecular,1,1
002,2026-07-28 12:02:23,608,centiga,1,NA,0,-2
002,2026-07-28 12:02:23,608,propósito,0,purpose,1,0
002,2026-07-28 12:02:23,608,espólio,1,spoils,1,1
002,2026-07-28 12:02:23,608,sonila,0,NA,0,0
002,2026-07-28 12:02:23,608,vinhala,0,NA,0,0
002,2026-07-28 12:02:23,608,loucura,1,madness,1,1
002,2026-07-28 12:02:23,608,grato,1,grateful,1,1
002,2026-07-28 12:02:23,608,cadente,1,falling,1,1
002,2026-07-28 12:02:23,608,avesso,0,averse,1,0
002,2026-07-28 12:02:23,608,descarga,1,unloading,1,1
002,2026-07-28 12:02:23,608,durarma,0,NA,0,0
002,2026-07-28 12:02:23,608,retruque,1,replica,1,1
002,2026-07-28 12:02:23,608,cicatriz,1,scar,1,1
002,2026-07-28 12:02:23,608,golabo,1,NA,0,-2
002,2026-07-28 12:02:23,608,evidência,1,evidence,1,1
002,2026-07-28 12:02:23,608,retórica,1,rhetoric,1,1
002,2026-07-28 12:02:23,608,remoto,1,remote,1,1
002,2026-07-28 12:02:23,608,âncorre,1,NA,0,-2
002,2026-07-28 12:02:23,608,farneiza,0,NA,0,0
002,2026-07-28 12:02:23,608,infinito,1,infinite,1,1
002,2026-07-28 12:02:23,608,clamode,0,NA,0,0
002,2026-07-28 12:02:23,608,pífaro,0,flute,1,0
002,2026-07-28 12:02:23,608,barrasa,1,NA,0,-2
002,2026-07-28 12:02:23,608,leopardo,1,leopard,1,1
002,2026-07-28 12:02:23,608,tenro,0,tender,1,0
002,2026-07-28 12:02:23,608,ferata,0,NA,0,0
002,2026-07-28 12:02:23,608,fumbão,1,NA,0,-2
002,2026-07-28 12:02:23,608,pálido,1,pale,1,1
002,2026-07-28 12:02:23,608,vagabundo,1,vagabond,1,1
002,2026-07-28 12:02:23,608,relatório,1,report,1,1
002,2026-07-28 12:02:23,608,parietal,1,parietal,1,1
002,2026-07-28 12:02:23,608,imargue,0,NA,0,0
002,2026-07-28 12:02:23,608,polegada,0,inch,1,0
002,2026-07-28 12:02:23,608,vingança,1,revenge,1,1
002,2026-07-28 12:02:23,608,cartino,0,NA,0,0
002,2026-07-28 12:02:23,608,comércio,1,commerce,1,1
002,2026-07-28 12:02:23,608,infantil,1,infant,1,1
002,2026-07-28 12:02:23,608,nulapa,1,NA,0,-2
002,2026-07-28 12:02:23,608,rombura,1,NA,0,-2
002,2026-07-28 12:02:23,608,camada,0,layer,1,0
002,2026-07-28 12:02:23,608,famude,1,NA,0,-2
002,2026-07-28 12:02:23,608,solução,1,solution,1,1
002,2026-07-28 12:02:23,608,malandro,1,trickster,1,1
002,2026-07-28 12:02:23,608,nupcial,0,nuptial,1,0
002,2026-07-28 12:02:23,608,toarte,0,NA,0,0
002,2026-07-28 12:02:23,608,canário,0,canary,1,0
002,2026-07-28 12:02:23,608,invasão,1,invasion,1,1
002,2026-07-28 12:02:23,608,ecinto,0,NA,0,0
002,2026-07-28 12:02:23,608,lufase,1,NA,0,-2
002,2026-07-28 12:02:23,608,paisano,0,patrician,1,0
002,2026-07-28 12:02:23,608,denário,1,denarius,1,1
002,2026-07-28 12:02:23,608,falcão,1,hawk,1,1
002,2026-07-28 12:02:23,608,maltono,0,NA,0,0
002,2026-07-28 12:02:23,608,pueril,0,puerile,1,0
002,2026-07-28 12:02:23,608,industo,0,NA,0,0
002,2026-07-28 12:02:23,608,máquina,1,machine,1,1
002,2026-07-28 12:02:23,608,paranoia,0,paranoid,1,0
002,2026-07-28 12:02:23,608,música,1,music,1,1
002,2026-07-28 12:02:23,608,exhausto,0,NA,NA,0
002,2026-07-28 12:02:23,608,rebelde,0,rebellious,1,0
002,2026-07-28 12:02:23,608,afessa,0,NA,0,0
002,2026-07-28 12:02:23,608,cólera,1,cholera,1,1
002,2026-07-28 12:02:23,608,abutre,0,vulture,1,0
002,2026-07-28 12:02:23,608,adaga,1,dagger,1,1
002,2026-07-28 12:02:23,608,veludo,1,velvet,1,1
002,2026-07-28 12:02:23,608,noção,1,notion,1,1
002,2026-07-28 12:02:23,608,efama,1,NA,0,-2
002,2026-07-28 12:02:23,608,mochila,1,backpack,1,1
002,2026-07-28 12:02:23,608,fracora,0,NA,0,0
002,2026-07-28 12:02:23,608,encalce,1,pursuit,1,1
002,2026-07-28 12:02:23,608,marmita,0,packed lunch,1,0
002,2026-07-28 12:02:23,608,engenhoso,1,ingenious,1,1
002,2026-07-28 12:02:23,608,profecia,0,prophecy,1,0
002,2026-07-28 12:02:23,608,batesta,0,NA,0,0
002,2026-07-28 12:02:23,608,medato,1,NA,0,-2
002,2026-07-28 12:02:23,608,fatídica,0,ominous,1,0
